produto,valor,valor_com_aumento
camisa,50,55.00000000000001
calça,100,110.00000000000001
sapato,200,220.00000000000003
